"filename", "language", "C#", "Lua", "PowerShell", "JSON", "XML", "Markdown", "Batch", "YAML", "HTML", "JavaScript", "PostCSS", "comment", "blank", "total"
"c:\Users\leon\source\repos\CMLeonOS\CMLeonOS\BootMenu.cs", "C#", 152, 0, 0, 0, 0, 0, 0, 0, 0, 0, 0, 15, 30, 197
"c:\Users\leon\source\repos\CMLeonOS\CMLeonOS\Branswe.md", "Markdown", 0, 0, 0, 0, 0, 261, 0, 0, 0, 0, 0, 0, 67, 328
"c:\Users\leon\source\repos\CMLeonOS\CMLeonOS\Build.bat", "Batch", 0, 0, 0, 0, 0, 0, 1, 0, 0, 0, 0, 1, 0, 2
"c:\Users\leon\source\repos\CMLeonOS\CMLeonOS\BuildTime.ps1", "PowerShell", 0, 0, 3, 0, 0, 0, 0, 0, 0, 0, 0, 0, 1, 4
"c:\Users\leon\source\repos\CMLeonOS\CMLeonOS\CMLeonOS.csproj", "XML", 0, 0, 0, 0, 149, 0, 0, 0, 0, 0, 0, 1, 14, 164
"c:\Users\leon\source\repos\CMLeonOS\CMLeonOS\Driver\VMWareSVGAII.cs", "C#", 319, 0, 0, 0, 0, 0, 0, 0, 0, 0, 0, 460, 37, 816
"c:\Users\leon\source\repos\CMLeonOS\CMLeonOS\Editor\Editor.cs", "C#", 267, 0, 0, 0, 0, 0, 0, 0, 0, 0, 0, 44, 36, 347
"c:\Users\leon\source\repos\CMLeonOS\CMLeonOS\Editor\Nano.cs", "C#", 1339, 0, 0, 0, 0, 0, 0, 0, 0, 0, 0, 31, 161, 1531
"c:\Users\leon\source\repos\CMLeonOS\CMLeonOS\GenerateGitCommit.ps1", "PowerShell", 0, 0, 22, 0, 0, 0, 0, 0, 0, 0, 0, 0, 3, 25
"c:\Users\leon\source\repos\CMLeonOS\CMLeonOS\Gui\App.cs", "C#", 29, 0, 0, 0, 0, 0, 0, 0, 0, 0, 0, 15, 9, 53
"c:\Users\leon\source\repos\CMLeonOS\CMLeonOS\Gui\AppManager.cs", "C#", 106, 0, 0, 0, 0, 0, 0, 0, 0, 0, 0, 15, 26, 147
"c:\Users\leon\source\repos\CMLeonOS\CMLeonOS\Gui\Apps\Calculator.cs", "C#", 258, 0, 0, 0, 0, 0, 0, 0, 0, 0, 0, 19, 30, 307
"c:\Users\leon\source\repos\CMLeonOS\CMLeonOS\Gui\Apps\Calendar.cs", "C#", 70, 0, 0, 0, 0, 0, 0, 0, 0, 0, 0, 15, 20, 105
"c:\Users\leon\source\repos\CMLeonOS\CMLeonOS\Gui\Apps\Clock.cs", "C#", 95, 0, 0, 0, 0, 0, 0, 0, 0, 0, 0, 19, 25, 139
"c:\Users\leon\source\repos\CMLeonOS\CMLeonOS\Gui\Apps\CodeStudio\CodeEditor.cs", "C#", 45, 0, 0, 0, 0, 0, 0, 0, 0, 0, 0, 15, 7, 67
"c:\Users\leon\source\repos\CMLeonOS\CMLeonOS\Gui\Apps\CodeStudio\CodeStudio.cs", "C#", 36, 0, 0, 0, 0, 0, 0, 0, 0, 0, 0, 16, 12, 64
"c:\Users\leon\source\repos\CMLeonOS\CMLeonOS\Gui\Apps\CodeStudio\Ide.cs", "C#", 299, 0, 0, 0, 0, 0, 0, 0, 0, 0, 0, 15, 56, 370
"c:\Users\leon\source\repos\CMLeonOS\CMLeonOS\Gui\Apps\CodeStudio\LuaGuiLibrary.cs", "C#", 360, 0, 0, 0, 0, 0, 0, 0, 0, 0, 0, 15, 81, 456
"c:\Users\leon\source\repos\CMLeonOS\CMLeonOS\Gui\Apps\CodeStudio\LuaSyntaxHighlighter.cs", "C#", 160, 0, 0, 0, 0, 0, 0, 0, 0, 0, 0, 15, 22, 197
"c:\Users\leon\source\repos\CMLeonOS\CMLeonOS\Gui\Apps\DemoLauncher.cs", "C#", 70, 0, 0, 0, 0, 0, 0, 0, 0, 0, 0, 15, 18, 103
"c:\Users\leon\source\repos\CMLeonOS\CMLeonOS\Gui\Apps\Demos\Mandelbrot.cs", "C#", 72, 0, 0, 0, 0, 0, 0, 0, 0, 0, 0, 15, 21, 108
"c:\Users\leon\source\repos\CMLeonOS\CMLeonOS\Gui\Apps\Demos\Starfield.cs", "C#", 84, 0, 0, 0, 0, 0, 0, 0, 0, 0, 0, 15, 23, 122
"c:\Users\leon\source\repos\CMLeonOS\CMLeonOS\Gui\Apps\Files.cs", "C#", 275, 0, 0, 0, 0, 0, 0, 0, 0, 0, 0, 15, 56, 346
"c:\Users\leon\source\repos\CMLeonOS\CMLeonOS\Gui\Apps\Info.cs", "C#", 41, 0, 0, 0, 0, 0, 0, 0, 0, 0, 0, 15, 13, 69
"c:\Users\leon\source\repos\CMLeonOS\CMLeonOS\Gui\Apps\Logs.cs", "C#", 112, 0, 0, 0, 0, 0, 0, 0, 0, 0, 0, 15, 28, 155
"c:\Users\leon\source\repos\CMLeonOS\CMLeonOS\Gui\Apps\MemoryStatistics.cs", "C#", 57, 0, 0, 0, 0, 0, 0, 0, 0, 0, 0, 15, 16, 88
"c:\Users\leon\source\repos\CMLeonOS\CMLeonOS\Gui\Apps\Notepad.cs", "C#", 171, 0, 0, 0, 0, 0, 0, 0, 0, 0, 0, 15, 43, 229
"c:\Users\leon\source\repos\CMLeonOS\CMLeonOS\Gui\Apps\Paint\ColourPicker.cs", "C#", 74, 0, 0, 0, 0, 0, 0, 0, 0, 0, 0, 16, 16, 106
"c:\Users\leon\source\repos\CMLeonOS\CMLeonOS\Gui\Apps\Paint\Paint.cs", "C#", 70, 0, 0, 0, 0, 0, 0, 0, 0, 0, 0, 15, 20, 105
"c:\Users\leon\source\repos\CMLeonOS\CMLeonOS\Gui\Apps\Paint\Tool.cs", "C#", 19, 0, 0, 0, 0, 0, 0, 0, 0, 0, 0, 15, 7, 41
"c:\Users\leon\source\repos\CMLeonOS\CMLeonOS\Gui\Apps\Paint\ToolBox.cs", "C#", 46, 0, 0, 0, 0, 0, 0, 0, 0, 0, 0, 15, 16, 77
"c:\Users\leon\source\repos\CMLeonOS\CMLeonOS\Gui\Apps\Paint\Tools\CircleBrush.cs", "C#", 17, 0, 0, 0, 0, 0, 0, 0, 0, 0, 0, 15, 4, 36
"c:\Users\leon\source\repos\CMLeonOS\CMLeonOS\Gui\Apps\Paint\Tools\Pencil.cs", "C#", 38, 0, 0, 0, 0, 0, 0, 0, 0, 0, 0, 15, 6, 59
"c:\Users\leon\source\repos\CMLeonOS\CMLeonOS\Gui\Apps\Settings.cs", "C#", 244, 0, 0, 0, 0, 0, 0, 0, 0, 0, 0, 17, 55, 316
"c:\Users\leon\source\repos\CMLeonOS\CMLeonOS\Gui\Apps\Stopwatch.cs", "C#", 130, 0, 0, 0, 0, 0, 0, 0, 0, 0, 0, 15, 33, 178
"c:\Users\leon\source\repos\CMLeonOS\CMLeonOS\Gui\Apps\Tasks.cs", "C#", 67, 0, 0, 0, 0, 0, 0, 0, 0, 0, 0, 15, 17, 99
"c:\Users\leon\source\repos\CMLeonOS\CMLeonOS\Gui\Asc16.cs", "C#", 34, 0, 0, 0, 0, 0, 0, 0, 0, 0, 0, 16, 5, 55
"c:\Users\leon\source\repos\CMLeonOS\CMLeonOS\Gui\BitmapExtensions.cs", "C#", 40, 0, 0, 0, 0, 0, 0, 0, 0, 0, 0, 15, 11, 66
"c:\Users\leon\source\repos\CMLeonOS\CMLeonOS\Gui\CursorType.cs", "C#", 8, 0, 0, 0, 0, 0, 0, 0, 0, 0, 0, 15, 2, 25
"c:\Users\leon\source\repos\CMLeonOS\CMLeonOS\Gui\Gui.cs", "C#", 61, 0, 0, 0, 0, 0, 0, 0, 0, 0, 0, 16, 21, 98
"c:\Users\leon\source\repos\CMLeonOS\CMLeonOS\Gui\SettingsService.cs", "C#", 171, 0, 0, 0, 0, 0, 0, 0, 0, 0, 0, 25, 27, 223
"c:\Users\leon\source\repos\CMLeonOS\CMLeonOS\Gui\ShellComponents\Dock\AppDockIcon.cs", "C#", 19, 0, 0, 0, 0, 0, 0, 0, 0, 0, 0, 15, 5, 39
"c:\Users\leon\source\repos\CMLeonOS\CMLeonOS\Gui\ShellComponents\Dock\BaseDockIcon.cs", "C#", 65, 0, 0, 0, 0, 0, 0, 0, 0, 0, 0, 20, 14, 99
"c:\Users\leon\source\repos\CMLeonOS\CMLeonOS\Gui\ShellComponents\Dock\Dock.cs", "C#", 151, 0, 0, 0, 0, 0, 0, 0, 0, 0, 0, 17, 39, 207
"c:\Users\leon\source\repos\CMLeonOS\CMLeonOS\Gui\ShellComponents\Dock\StartMenuDockIcon.cs", "C#", 19, 0, 0, 0, 0, 0, 0, 0, 0, 0, 0, 15, 5, 39
"c:\Users\leon\source\repos\CMLeonOS\CMLeonOS\Gui\ShellComponents\Lock.cs", "C#", 161, 0, 0, 0, 0, 0, 0, 0, 0, 0, 0, 15, 43, 219
"c:\Users\leon\source\repos\CMLeonOS\CMLeonOS\Gui\ShellComponents\StartMenu.cs", "C#", 227, 0, 0, 0, 0, 0, 0, 0, 0, 0, 0, 17, 53, 297
"c:\Users\leon\source\repos\CMLeonOS\CMLeonOS\Gui\ShellComponents\Taskbar.cs", "C#", 120, 0, 0, 0, 0, 0, 0, 0, 0, 0, 0, 15, 25, 160
"c:\Users\leon\source\repos\CMLeonOS\CMLeonOS\Gui\SmoothMono\FontData.cs", "C#", 421, 0, 0, 0, 0, 0, 0, 0, 0, 0, 0, 15, 129, 565
"c:\Users\leon\source\repos\CMLeonOS\CMLeonOS\Gui\SmoothMono\TextRenderer.cs", "C#", 57, 0, 0, 0, 0, 0, 0, 0, 0, 0, 0, 15, 9, 81
"c:\Users\leon\source\repos\CMLeonOS\CMLeonOS\Gui\Sound\SoundService.cs", "C#", 94, 0, 0, 0, 0, 0, 0, 0, 0, 0, 0, 16, 18, 128
"c:\Users\leon\source\repos\CMLeonOS\CMLeonOS\Gui\Sound\SystemSound.cs", "C#", 9, 0, 0, 0, 0, 0, 0, 0, 0, 0, 0, 15, 2, 26
"c:\Users\leon\source\repos\CMLeonOS\CMLeonOS\Gui\UILib\Alignment.cs", "C#", 9, 0, 0, 0, 0, 0, 0, 0, 0, 0, 0, 15, 2, 26
"c:\Users\leon\source\repos\CMLeonOS\CMLeonOS\Gui\UILib\Animations\Animation.cs", "C#", 43, 0, 0, 0, 0, 0, 0, 0, 0, 0, 0, 46, 12, 101
"c:\Users\leon\source\repos\CMLeonOS\CMLeonOS\Gui\UILib\Animations\Easing.cs", "C#", 34, 0, 0, 0, 0, 0, 0, 0, 0, 0, 0, 34, 4, 72
"c:\Users\leon\source\repos\CMLeonOS\CMLeonOS\Gui\UILib\Animations\EasingDirection.cs", "C#", 9, 0, 0, 0, 0, 0, 0, 0, 0, 0, 0, 27, 4, 40
"c:\Users\leon\source\repos\CMLeonOS\CMLeonOS\Gui\UILib\Animations\EasingType.cs", "C#", 8, 0, 0, 0, 0, 0, 0, 0, 0, 0, 0, 24, 3, 35
"c:\Users\leon\source\repos\CMLeonOS\CMLeonOS\Gui\UILib\Animations\MovementAnimation.cs", "C#", 46, 0, 0, 0, 0, 0, 0, 0, 0, 0, 0, 29, 6, 81
"c:\Users\leon\source\repos\CMLeonOS\CMLeonOS\Gui\UILib\AppWindow.cs", "C#", 196, 0, 0, 0, 0, 0, 0, 0, 0, 0, 0, 20, 44, 260
"c:\Users\leon\source\repos\CMLeonOS\CMLeonOS\Gui\UILib\Button.cs", "C#", 121, 0, 0, 0, 0, 0, 0, 0, 0, 0, 0, 15, 14, 150
"c:\Users\leon\source\repos\CMLeonOS\CMLeonOS\Gui\UILib\Calendar.cs", "C#", 176, 0, 0, 0, 0, 0, 0, 0, 0, 0, 0, 17, 28, 221
"c:\Users\leon\source\repos\CMLeonOS\CMLeonOS\Gui\UILib\CheckBox.cs", "C#", 100, 0, 0, 0, 0, 0, 0, 0, 0, 0, 0, 15, 16, 131
"c:\Users\leon\source\repos\CMLeonOS\CMLeonOS\Gui\UILib\Control.cs", "C#", 12, 0, 0, 0, 0, 0, 0, 0, 0, 0, 0, 15, 4, 31
"c:\Users\leon\source\repos\CMLeonOS\CMLeonOS\Gui\UILib\Extensions.cs", "C#", 15, 0, 0, 0, 0, 0, 0, 0, 0, 0, 0, 15, 4, 34
"c:\Users\leon\source\repos\CMLeonOS\CMLeonOS\Gui\UILib\FileBrowser.cs", "C#", 272, 0, 0, 0, 0, 0, 0, 0, 0, 0, 0, 15, 43, 330
"c:\Users\leon\source\repos\CMLeonOS\CMLeonOS\Gui\UILib\ImageBlock.cs", "C#", 55, 0, 0, 0, 0, 0, 0, 0, 0, 0, 0, 15, 8, 78
"c:\Users\leon\source\repos\CMLeonOS\CMLeonOS\Gui\UILib\MessageBox.cs", "C#", 45, 0, 0, 0, 0, 0, 0, 0, 0, 0, 0, 15, 15, 75
"c:\Users\leon\source\repos\CMLeonOS\CMLeonOS\Gui\UILib\PromptBox.cs", "C#", 47, 0, 0, 0, 0, 0, 0, 0, 0, 0, 0, 15, 15, 77
"c:\Users\leon\source\repos\CMLeonOS\CMLeonOS\Gui\UILib\RangeSlider.cs", "C#", 166, 0, 0, 0, 0, 0, 0, 0, 0, 0, 0, 18, 28, 212
"c:\Users\leon\source\repos\CMLeonOS\CMLeonOS\Gui\UILib\ShortcutBar.cs", "C#", 81, 0, 0, 0, 0, 0, 0, 0, 0, 0, 0, 15, 14, 110
"c:\Users\leon\source\repos\CMLeonOS\CMLeonOS\Gui\UILib\ShortcutBarCell.cs", "C#", 14, 0, 0, 0, 0, 0, 0, 0, 0, 0, 0, 15, 5, 34
"c:\Users\leon\source\repos\CMLeonOS\CMLeonOS\Gui\UILib\Switch.cs", "C#", 95, 0, 0, 0, 0, 0, 0, 0, 0, 0, 0, 19, 21, 135
"c:\Users\leon\source\repos\CMLeonOS\CMLeonOS\Gui\UILib\Table.cs", "C#", 335, 0, 0, 0, 0, 0, 0, 0, 0, 0, 0, 28, 47, 410
"c:\Users\leon\source\repos\CMLeonOS\CMLeonOS\Gui\UILib\TableCell.cs", "C#", 33, 0, 0, 0, 0, 0, 0, 0, 0, 0, 0, 15, 11, 59
"c:\Users\leon\source\repos\CMLeonOS\CMLeonOS\Gui\UILib\TextBlock.cs", "C#", 112, 0, 0, 0, 0, 0, 0, 0, 0, 0, 0, 15, 14, 141
"c:\Users\leon\source\repos\CMLeonOS\CMLeonOS\Gui\UILib\TextBox.cs", "C#", 327, 0, 0, 0, 0, 0, 0, 0, 0, 0, 0, 19, 67, 413
"c:\Users\leon\source\repos\CMLeonOS\CMLeonOS\Gui\Window.cs", "C#", 463, 0, 0, 0, 0, 0, 0, 0, 0, 0, 0, 51, 66, 580
"c:\Users\leon\source\repos\CMLeonOS\CMLeonOS\Gui\WindowManager.cs", "C#", 344, 0, 0, 0, 0, 0, 0, 0, 0, 0, 0, 35, 82, 461
"c:\Users\leon\source\repos\CMLeonOS\CMLeonOS\Interpreter\Branswe.cs", "C#", 482, 0, 0, 0, 0, 0, 0, 0, 0, 0, 0, 43, 54, 579
"c:\Users\leon\source\repos\CMLeonOS\CMLeonOS\Interpreter\UniLua\ByteString.cs", "C#", 41, 0, 0, 0, 0, 0, 0, 0, 0, 0, 0, 15, 8, 64
"c:\Users\leon\source\repos\CMLeonOS\CMLeonOS\Interpreter\UniLua\Coder.cs", "C#", 1101, 0, 0, 0, 0, 0, 0, 0, 0, 0, 0, 41, 157, 1299
"c:\Users\leon\source\repos\CMLeonOS\CMLeonOS\Interpreter\UniLua\Common.cs", "C#", 99, 0, 0, 0, 0, 0, 0, 0, 0, 0, 0, 18, 27, 144
"c:\Users\leon\source\repos\CMLeonOS\CMLeonOS\Interpreter\UniLua\Do.cs", "C#", 269, 0, 0, 0, 0, 0, 0, 0, 0, 0, 0, 40, 50, 359
"c:\Users\leon\source\repos\CMLeonOS\CMLeonOS\Interpreter\UniLua\Dump.cs", "C#", 187, 0, 0, 0, 0, 0, 0, 0, 0, 0, 0, 15, 33, 235
"c:\Users\leon\source\repos\CMLeonOS\CMLeonOS\Interpreter\UniLua\LLex.cs", "C#", 627, 0, 0, 0, 0, 0, 0, 0, 0, 0, 0, 55, 93, 775
"c:\Users\leon\source\repos\CMLeonOS\CMLeonOS\Interpreter\UniLua\LuaAPI.cs", "C#", 1335, 0, 0, 0, 0, 0, 0, 0, 0, 0, 0, 79, 241, 1655
"c:\Users\leon\source\repos\CMLeonOS\CMLeonOS\Interpreter\UniLua\LuaAuxLib.cs", "C#", 643, 0, 0, 0, 0, 0, 0, 0, 0, 0, 0, 36, 92, 771
"c:\Users\leon\source\repos\CMLeonOS\CMLeonOS\Interpreter\UniLua\LuaBaseLib.cs", "C#", 406, 0, 0, 0, 0, 0, 0, 0, 0, 0, 0, 24, 43, 473
"c:\Users\leon\source\repos\CMLeonOS\CMLeonOS\Interpreter\UniLua\LuaBitLib.cs", "C#", 179, 0, 0, 0, 0, 0, 0, 0, 0, 0, 0, 15, 27, 221
"c:\Users\leon\source\repos\CMLeonOS\CMLeonOS\Interpreter\UniLua\LuaCoroLib.cs", "C#", 137, 0, 0, 0, 0, 0, 0, 0, 0, 0, 0, 15, 16, 168
"c:\Users\leon\source\repos\CMLeonOS\CMLeonOS\Interpreter\UniLua\LuaDebug.cs", "C#", 443, 0, 0, 0, 0, 0, 0, 0, 0, 0, 0, 34, 55, 532
"c:\Users\leon\source\repos\CMLeonOS\CMLeonOS\Interpreter\UniLua\LuaDebugLib.cs", "C#", 20, 0, 0, 0, 0, 0, 0, 0, 0, 0, 0, 15, 6, 41
"c:\Users\leon\source\repos\CMLeonOS\CMLeonOS\Interpreter\UniLua\LuaEncLib.cs", "C#", 51, 0, 0, 0, 0, 0, 0, 0, 0, 0, 0, 15, 14, 80
"c:\Users\leon\source\repos\CMLeonOS\CMLeonOS\Interpreter\UniLua\LuaFile.cs", "C#", 115, 0, 0, 0, 0, 0, 0, 0, 0, 0, 0, 17, 19, 151
"c:\Users\leon\source\repos\CMLeonOS\CMLeonOS\Interpreter\UniLua\LuaFunc.cs", "C#", 69, 0, 0, 0, 0, 0, 0, 0, 0, 0, 0, 21, 20, 110
"c:\Users\leon\source\repos\CMLeonOS\CMLeonOS\Interpreter\UniLua\LuaIOLib.cs", "C#", 70, 0, 0, 0, 0, 0, 0, 0, 0, 0, 0, 27, 19, 116
"c:\Users\leon\source\repos\CMLeonOS\CMLeonOS\Interpreter\UniLua\LuaJsonLib.cs", "C#", 461, 0, 0, 0, 0, 0, 0, 0, 0, 0, 0, 15, 66, 542
"c:\Users\leon\source\repos\CMLeonOS\CMLeonOS\Interpreter\UniLua\LuaMathLib.cs", "C#", 285, 0, 0, 0, 0, 0, 0, 0, 0, 0, 0, 25, 49, 359
"c:\Users\leon\source\repos\CMLeonOS\CMLeonOS\Interpreter\UniLua\LuaObject.cs", "C#", 367, 0, 0, 0, 0, 0, 0, 0, 0, 0, 0, 16, 52, 435
"c:\Users\leon\source\repos\CMLeonOS\CMLeonOS\Interpreter\UniLua\LuaOsLib.cs", "C#", 316, 0, 0, 0, 0, 0, 0, 0, 0, 0, 0, 15, 50, 381
"c:\Users\leon\source\repos\CMLeonOS\CMLeonOS\Interpreter\UniLua\LuaPkgLib.cs", "C#", 256, 0, 0, 0, 0, 0, 0, 0, 0, 0, 0, 72, 47, 375
"c:\Users\leon\source\repos\CMLeonOS\CMLeonOS\Interpreter\UniLua\LuaState.cs", "C#", 250, 0, 0, 0, 0, 0, 0, 0, 0, 0, 0, 21, 51, 322
"c:\Users\leon\source\repos\CMLeonOS\CMLeonOS\Interpreter\UniLua\LuaStrLib.cs", "C#", 869, 0, 0, 0, 0, 0, 0, 0, 0, 0, 0, 23, 61, 953
"c:\Users\leon\source\repos\CMLeonOS\CMLeonOS\Interpreter\UniLua\LuaTable.cs", "C#", 465, 0, 0, 0, 0, 0, 0, 0, 0, 0, 0, 52, 80, 597
"c:\Users\leon\source\repos\CMLeonOS\CMLeonOS\Interpreter\UniLua\LuaTableLib.cs", "C#", 250, 0, 0, 0, 0, 0, 0, 0, 0, 0, 0, 23, 24, 297
"c:\Users\leon\source\repos\CMLeonOS\CMLeonOS\Interpreter\UniLua\OpCodes.cs", "C#", 131, 0, 0, 0, 0, 0, 0, 0, 0, 0, 0, 22, 27, 180
"c:\Users\leon\source\repos\CMLeonOS\CMLeonOS\Interpreter\UniLua\Parser.cs", "C#", 1588, 0, 0, 0, 0, 0, 0, 0, 0, 0, 0, 154, 219, 1961
"c:\Users\leon\source\repos\CMLeonOS\CMLeonOS\Interpreter\UniLua\TagMethod.cs", "C#", 91, 0, 0, 0, 0, 0, 0, 0, 0, 0, 0, 17, 10, 118
"c:\Users\leon\source\repos\CMLeonOS\CMLeonOS\Interpreter\UniLua\ULDebug.cs", "C#", 13, 0, 0, 0, 0, 0, 0, 0, 0, 0, 0, 17, 6, 36
"c:\Users\leon\source\repos\CMLeonOS\CMLeonOS\Interpreter\UniLua\Undump.cs", "C#", 321, 0, 0, 0, 0, 0, 0, 0, 0, 0, 0, 21, 51, 393
"c:\Users\leon\source\repos\CMLeonOS\CMLeonOS\Interpreter\UniLua\Util.cs", "C#", 192, 0, 0, 0, 0, 0, 0, 0, 0, 0, 0, 23, 40, 255
"c:\Users\leon\source\repos\CMLeonOS\CMLeonOS\Interpreter\UniLua\VM.cs", "C#", 1038, 0, 0, 0, 0, 0, 0, 0, 0, 0, 0, 73, 162, 1273
"c:\Users\leon\source\repos\CMLeonOS\CMLeonOS\Kernel.cs", "C#", 414, 0, 0, 0, 0, 0, 0, 0, 0, 0, 0, 91, 78, 583
"c:\Users\leon\source\repos\CMLeonOS\CMLeonOS\LICENSE.md", "Markdown", 0, 0, 0, 0, 0, 485, 0, 0, 0, 0, 0, 0, 110, 595
"c:\Users\leon\source\repos\CMLeonOS\CMLeonOS\Logger\Log.cs", "C#", 31, 0, 0, 0, 0, 0, 0, 0, 0, 0, 0, 15, 8, 54
"c:\Users\leon\source\repos\CMLeonOS\CMLeonOS\Logger\LogEntry.cs", "C#", 49, 0, 0, 0, 0, 0, 0, 0, 0, 0, 0, 15, 8, 72
"c:\Users\leon\source\repos\CMLeonOS\CMLeonOS\Logger\LogLevel.cs", "C#", 11, 0, 0, 0, 0, 0, 0, 0, 0, 0, 0, 15, 2, 28
"c:\Users\leon\source\repos\CMLeonOS\CMLeonOS\Logger\Logger.cs", "C#", 95, 0, 0, 0, 0, 0, 0, 0, 0, 0, 0, 15, 20, 130
"c:\Users\leon\source\repos\CMLeonOS\CMLeonOS\LuaApps.cs", "C#", 13, 0, 0, 0, 0, 0, 0, 0, 0, 0, 0, 15, 4, 32
"c:\Users\leon\source\repos\CMLeonOS\CMLeonOS\LuaApps\Hello.lua", "Lua", 0, 4, 0, 0, 0, 0, 0, 0, 0, 0, 0, 0, 4, 8
"c:\Users\leon\source\repos\CMLeonOS\CMLeonOS\LuaApps\calculator.lua", "Lua", 0, 87, 0, 0, 0, 0, 0, 0, 0, 0, 0, 0, 11, 98
"c:\Users\leon\source\repos\CMLeonOS\CMLeonOS\LuaApps\helloworld.lua", "Lua", 0, 3, 0, 0, 0, 0, 0, 0, 0, 0, 0, 0, 0, 3
"c:\Users\leon\source\repos\CMLeonOS\CMLeonOS\LuaApps\testspeed.lua", "Lua", 0, 6, 0, 0, 0, 0, 0, 0, 0, 0, 0, 1, 0, 7
"c:\Users\leon\source\repos\CMLeonOS\CMLeonOS\Power.cs", "C#", 22, 0, 0, 0, 0, 0, 0, 0, 0, 0, 0, 15, 4, 41
"c:\Users\leon\source\repos\CMLeonOS\CMLeonOS\README.md", "Markdown", 0, 0, 0, 0, 0, 2, 0, 0, 0, 0, 0, 0, 0, 2
"c:\Users\leon\source\repos\CMLeonOS\CMLeonOS\Settings\Settings.cs", "C#", 307, 0, 0, 0, 0, 0, 0, 0, 0, 0, 0, 15, 31, 353
"c:\Users\leon\source\repos\CMLeonOS\CMLeonOS\Shell\CommandList.cs", "C#", 235, 0, 0, 0, 0, 0, 0, 0, 0, 0, 0, 15, 2, 252
"c:\Users\leon\source\repos\CMLeonOS\CMLeonOS\Shell\Commands\Editor\EditCommand.cs", "C#", 24, 0, 0, 0, 0, 0, 0, 0, 0, 0, 0, 15, 4, 43
"c:\Users\leon\source\repos\CMLeonOS\CMLeonOS\Shell\Commands\Editor\NanoCommand.cs", "C#", 24, 0, 0, 0, 0, 0, 0, 0, 0, 0, 0, 15, 4, 43
"c:\Users\leon\source\repos\CMLeonOS\CMLeonOS\Shell\Commands\Environment\EnvCommand.cs", "C#", 175, 0, 0, 0, 0, 0, 0, 0, 0, 0, 0, 15, 11, 201
"c:\Users\leon\source\repos\CMLeonOS\CMLeonOS\Shell\Commands\ExportBackgroundCommand.cs", "C#", 30, 0, 0, 0, 0, 0, 0, 0, 0, 0, 0, 15, 5, 50
"c:\Users\leon\source\repos\CMLeonOS\CMLeonOS\Shell\Commands\FileSystem\CatCommand.cs", "C#", 18, 0, 0, 0, 0, 0, 0, 0, 0, 0, 0, 15, 3, 36
"c:\Users\leon\source\repos\CMLeonOS\CMLeonOS\Shell\Commands\FileSystem\CdCommand.cs", "C#", 10, 0, 0, 0, 0, 0, 0, 0, 0, 0, 0, 15, 2, 27
"c:\Users\leon\source\repos\CMLeonOS\CMLeonOS\Shell\Commands\FileSystem\CopyCommand.cs", "C#", 40, 0, 0, 0, 0, 0, 0, 0, 0, 0, 0, 15, 7, 62
"c:\Users\leon\source\repos\CMLeonOS\CMLeonOS\Shell\Commands\FileSystem\DiskInfoCommand.cs", "C#", 28, 0, 0, 0, 0, 0, 0, 0, 0, 0, 0, 15, 6, 49
"c:\Users\leon\source\repos\CMLeonOS\CMLeonOS\Shell\Commands\FileSystem\FindCommand.cs", "C#", 37, 0, 0, 0, 0, 0, 0, 0, 0, 0, 0, 15, 6, 58
"c:\Users\leon\source\repos\CMLeonOS\CMLeonOS\Shell\Commands\FileSystem\HeadCommand.cs", "C#", 46, 0, 0, 0, 0, 0, 0, 0, 0, 0, 0, 15, 9, 70
"c:\Users\leon\source\repos\CMLeonOS\CMLeonOS\Shell\Commands\FileSystem\LsCommand.cs", "C#", 10, 0, 0, 0, 0, 0, 0, 0, 0, 0, 0, 15, 2, 27
"c:\Users\leon\source\repos\CMLeonOS\CMLeonOS\Shell\Commands\FileSystem\MkdirCommand.cs", "C#", 20, 0, 0, 0, 0, 0, 0, 0, 0, 0, 0, 15, 3, 38
"c:\Users\leon\source\repos\CMLeonOS\CMLeonOS\Shell\Commands\FileSystem\MoveCommand.cs", "C#", 41, 0, 0, 0, 0, 0, 0, 0, 0, 0, 0, 15, 8, 64
"c:\Users\leon\source\repos\CMLeonOS\CMLeonOS\Shell\Commands\FileSystem\PwdCommand.cs", "C#", 11, 0, 0, 0, 0, 0, 0, 0, 0, 0, 0, 15, 3, 29
"c:\Users\leon\source\repos\CMLeonOS\CMLeonOS\Shell\Commands\FileSystem\RenameCommand.cs", "C#", 48, 0, 0, 0, 0, 0, 0, 0, 0, 0, 0, 15, 10, 73
"c:\Users\leon\source\repos\CMLeonOS\CMLeonOS\Shell\Commands\FileSystem\RmCommand.cs", "C#", 60, 0, 0, 0, 0, 0, 0, 0, 0, 0, 0, 15, 7, 82
"c:\Users\leon\source\repos\CMLeonOS\CMLeonOS\Shell\Commands\FileSystem\RmdirCommand.cs", "C#", 27, 0, 0, 0, 0, 0, 0, 0, 0, 0, 0, 15, 4, 46
"c:\Users\leon\source\repos\CMLeonOS\CMLeonOS\Shell\Commands\FileSystem\TailCommand.cs", "C#", 47, 0, 0, 0, 0, 0, 0, 0, 0, 0, 0, 15, 9, 71
"c:\Users\leon\source\repos\CMLeonOS\CMLeonOS\Shell\Commands\FileSystem\TouchCommand.cs", "C#", 25, 0, 0, 0, 0, 0, 0, 0, 0, 0, 0, 15, 4, 44
"c:\Users\leon\source\repos\CMLeonOS\CMLeonOS\Shell\Commands\FileSystem\TreeCommand.cs", "C#", 67, 0, 0, 0, 0, 0, 0, 0, 0, 0, 0, 15, 12, 94
"c:\Users\leon\source\repos\CMLeonOS\CMLeonOS\Shell\Commands\FileSystem\WordCountCommand.cs", "C#", 45, 0, 0, 0, 0, 0, 0, 0, 0, 0, 0, 15, 7, 67
"c:\Users\leon\source\repos\CMLeonOS\CMLeonOS\Shell\Commands\Help\Help.cs", "C#", 554, 0, 0, 0, 0, 0, 0, 0, 0, 0, 0, 15, 30, 599
"c:\Users\leon\source\repos\CMLeonOS\CMLeonOS\Shell\Commands\Info\About.cs", "C#", 12, 0, 0, 0, 0, 0, 0, 0, 0, 0, 0, 15, 3, 30
"c:\Users\leon\source\repos\CMLeonOS\CMLeonOS\Shell\Commands\Info\Version.cs", "C#", 22, 0, 0, 0, 0, 0, 0, 0, 0, 0, 0, 15, 4, 41
"c:\Users\leon\source\repos\CMLeonOS\CMLeonOS\Shell\Commands\LabyrinthCommand.cs", "C#", 224, 0, 0, 0, 0, 0, 0, 0, 0, 0, 0, 15, 25, 264
"c:\Users\leon\source\repos\CMLeonOS\CMLeonOS\Shell\Commands\Power\RestartCommand.cs", "C#", 13, 0, 0, 0, 0, 0, 0, 0, 0, 0, 0, 15, 3, 31
"c:\Users\leon\source\repos\CMLeonOS\CMLeonOS\Shell\Commands\Power\ShutdownCommand.cs", "C#", 13, 0, 0, 0, 0, 0, 0, 0, 0, 0, 0, 15, 3, 31
"c:\Users\leon\source\repos\CMLeonOS\CMLeonOS\Shell\Commands\Script\BransweCommand.cs", "C#", 42, 0, 0, 0, 0, 0, 0, 0, 0, 0, 0, 15, 7, 64
"c:\Users\leon\source\repos\CMLeonOS\CMLeonOS\Shell\Commands\Script\ClaCommand.cs", "C#", 69, 0, 0, 0, 0, 0, 0, 0, 0, 0, 0, 15, 15, 99
"c:\Users\leon\source\repos\CMLeonOS\CMLeonOS\Shell\Commands\Script\ComCommand.cs", "C#", 54, 0, 0, 0, 0, 0, 0, 0, 0, 0, 0, 15, 10, 79
"c:\Users\leon\source\repos\CMLeonOS\CMLeonOS\Shell\Commands\Script\Lua2ClaCommand.cs", "C#", 58, 0, 0, 0, 0, 0, 0, 0, 0, 0, 0, 15, 14, 87
"c:\Users\leon\source\repos\CMLeonOS\CMLeonOS\Shell\Commands\Script\LuaCommand.cs", "C#", 230, 0, 0, 0, 0, 0, 0, 0, 0, 0, 0, 15, 28, 273
"c:\Users\leon\source\repos\CMLeonOS\CMLeonOS\Shell\Commands\System\ClearCommand.cs", "C#", 11, 0, 0, 0, 0, 0, 0, 0, 0, 0, 0, 15, 3, 29
"c:\Users\leon\source\repos\CMLeonOS\CMLeonOS\Shell\Commands\System\DateCommand.cs", "C#", 11, 0, 0, 0, 0, 0, 0, 0, 0, 0, 0, 15, 3, 29
"c:\Users\leon\source\repos\CMLeonOS\CMLeonOS\Shell\Commands\System\EchoCommand.cs", "C#", 12, 0, 0, 0, 0, 0, 0, 0, 0, 0, 0, 15, 3, 30
"c:\Users\leon\source\repos\CMLeonOS\CMLeonOS\Shell\Commands\System\KillCommand.cs", "C#", 50, 0, 0, 0, 0, 0, 0, 0, 0, 0, 0, 15, 9, 74
"c:\Users\leon\source\repos\CMLeonOS\CMLeonOS\Shell\Commands\System\PsCommand.cs", "C#", 51, 0, 0, 0, 0, 0, 0, 0, 0, 0, 0, 15, 8, 74
"c:\Users\leon\source\repos\CMLeonOS\CMLeonOS\Shell\Commands\System\SettingsCommand.cs", "C#", 74, 0, 0, 0, 0, 0, 0, 0, 0, 0, 0, 15, 9, 98
"c:\Users\leon\source\repos\CMLeonOS\CMLeonOS\Shell\Commands\System\TimeCommand.cs", "C#", 11, 0, 0, 0, 0, 0, 0, 0, 0, 0, 0, 15, 3, 29
"c:\Users\leon\source\repos\CMLeonOS\CMLeonOS\Shell\Commands\System\UptimeCommand.cs", "C#", 40, 0, 0, 0, 0, 0, 0, 0, 0, 0, 0, 15, 7, 62
"c:\Users\leon\source\repos\CMLeonOS\CMLeonOS\Shell\Commands\System\WhoamiCommand.cs", "C#", 16, 0, 0, 0, 0, 0, 0, 0, 0, 0, 0, 15, 3, 34
"c:\Users\leon\source\repos\CMLeonOS\CMLeonOS\Shell\Commands\TestGuiCommand.cs", "C#", 77, 0, 0, 0, 0, 0, 0, 0, 0, 0, 0, 15, 10, 102
"c:\Users\leon\source\repos\CMLeonOS\CMLeonOS\Shell\Commands\TestTUICommand.cs", "C#", 583, 0, 0, 0, 0, 0, 0, 0, 0, 0, 0, 15, 103, 701
"c:\Users\leon\source\repos\CMLeonOS\CMLeonOS\Shell\Commands\User\CpassCommand.cs", "C#", 10, 0, 0, 0, 0, 0, 0, 0, 0, 0, 0, 15, 2, 27
"c:\Users\leon\source\repos\CMLeonOS\CMLeonOS\Shell\Commands\User\HostnameCommand.cs", "C#", 27, 0, 0, 0, 0, 0, 0, 0, 0, 0, 0, 15, 5, 47
"c:\Users\leon\source\repos\CMLeonOS\CMLeonOS\Shell\Commands\User\UserCommand.cs", "C#", 114, 0, 0, 0, 0, 0, 0, 0, 0, 0, 0, 15, 15, 144
"c:\Users\leon\source\repos\CMLeonOS\CMLeonOS\Shell\Commands\Utility\AliasCommand.cs", "C#", 140, 0, 0, 0, 0, 0, 0, 0, 0, 0, 0, 15, 20, 175
"c:\Users\leon\source\repos\CMLeonOS\CMLeonOS\Shell\Commands\Utility\AppManagerCommand.cs", "C#", 165, 0, 0, 0, 0, 0, 0, 0, 0, 0, 0, 15, 31, 211
"c:\Users\leon\source\repos\CMLeonOS\CMLeonOS\Shell\Commands\Utility\BackgroundCommand.cs", "C#", 108, 0, 0, 0, 0, 0, 0, 0, 0, 0, 0, 15, 10, 133
"c:\Users\leon\source\repos\CMLeonOS\CMLeonOS\Shell\Commands\Utility\Base64Command.cs", "C#", 89, 0, 0, 0, 0, 0, 0, 0, 0, 0, 0, 15, 13, 117
"c:\Users\leon\source\repos\CMLeonOS\CMLeonOS\Shell\Commands\Utility\BeepCommand.cs", "C#", 11, 0, 0, 0, 0, 0, 0, 0, 0, 0, 0, 15, 3, 29
"c:\Users\leon\source\repos\CMLeonOS\CMLeonOS\Shell\Commands\Utility\CalcCommand.cs", "C#", 56, 0, 0, 0, 0, 0, 0, 0, 0, 0, 0, 15, 5, 76
"c:\Users\leon\source\repos\CMLeonOS\CMLeonOS\Shell\Commands\Utility\CalcGuiCommand.cs", "C#", 307, 0, 0, 0, 0, 0, 0, 0, 0, 0, 0, 15, 29, 351
"c:\Users\leon\source\repos\CMLeonOS\CMLeonOS\Shell\Commands\Utility\CalendarCommand.cs", "C#", 57, 0, 0, 0, 0, 0, 0, 0, 0, 0, 0, 15, 14, 86
"c:\Users\leon\source\repos\CMLeonOS\CMLeonOS\Shell\Commands\Utility\HexCommand.cs", "C#", 45, 0, 0, 0, 0, 0, 0, 0, 0, 0, 0, 15, 6, 66
"c:\Users\leon\source\repos\CMLeonOS\CMLeonOS\Shell\Commands\Utility\HexEditor.cs", "C#", 234, 0, 0, 0, 0, 0, 0, 0, 0, 0, 0, 15, 26, 275
"c:\Users\leon\source\repos\CMLeonOS\CMLeonOS\Shell\Commands\Utility\HistoryCommand.cs", "C#", 15, 0, 0, 0, 0, 0, 0, 0, 0, 0, 0, 15, 3, 33
"c:\Users\leon\source\repos\CMLeonOS\CMLeonOS\Shell\Commands\Utility\MatrixCommand.cs", "C#", 62, 0, 0, 0, 0, 0, 0, 0, 0, 0, 0, 15, 14, 91
"c:\Users\leon\source\repos\CMLeonOS\CMLeonOS\Shell\Commands\Utility\PromptCommand.cs", "C#", 18, 0, 0, 0, 0, 0, 0, 0, 0, 0, 0, 15, 3, 36
"c:\Users\leon\source\repos\CMLeonOS\CMLeonOS\Shell\Commands\Utility\SnakeCommand.cs", "C#", 164, 0, 0, 0, 0, 0, 0, 0, 0, 0, 0, 15, 28, 207
"c:\Users\leon\source\repos\CMLeonOS\CMLeonOS\Shell\Shell.cs", "C#", 1513, 0, 0, 0, 0, 0, 0, 0, 0, 0, 0, 34, 273, 1820
"c:\Users\leon\source\repos\CMLeonOS\CMLeonOS\Shell\UsageGenerator.cs", "C#", 211, 0, 0, 0, 0, 0, 0, 0, 0, 0, 0, 15, 32, 258
"c:\Users\leon\source\repos\CMLeonOS\CMLeonOS\System\FileSystem.cs", "C#", 493, 0, 0, 0, 0, 0, 0, 0, 0, 0, 0, 33, 64, 590
"c:\Users\leon\source\repos\CMLeonOS\CMLeonOS\System\MemService.cs", "C#", 23, 0, 0, 0, 0, 0, 0, 0, 0, 0, 0, 15, 4, 42
"c:\Users\leon\source\repos\CMLeonOS\CMLeonOS\System\Process.cs", "C#", 164, 0, 0, 0, 0, 0, 0, 0, 0, 0, 0, 15, 21, 200
"c:\Users\leon\source\repos\CMLeonOS\CMLeonOS\System\ProcessManager.cs", "C#", 85, 0, 0, 0, 0, 0, 0, 0, 0, 0, 0, 15, 18, 118
"c:\Users\leon\source\repos\CMLeonOS\CMLeonOS\System\ShellProcess.cs", "C#", 53, 0, 0, 0, 0, 0, 0, 0, 0, 0, 0, 15, 12, 80
"c:\Users\leon\source\repos\CMLeonOS\CMLeonOS\System\UserSystem.cs", "C#", 798, 0, 0, 0, 0, 0, 0, 0, 0, 0, 0, 33, 122, 953
"c:\Users\leon\source\repos\CMLeonOS\CMLeonOS\UI\CUI.cs", "C#", 122, 0, 0, 0, 0, 0, 0, 0, 0, 0, 0, 23, 29, 174
"c:\Users\leon\source\repos\CMLeonOS\CMLeonOS\UI\Components.cs", "C#", 960, 0, 0, 0, 0, 0, 0, 0, 0, 0, 0, 15, 145, 1120
"c:\Users\leon\source\repos\CMLeonOS\CMLeonOS\UI\TUI.cs", "C#", 260, 0, 0, 0, 0, 0, 0, 0, 0, 0, 0, 17, 43, 320
"c:\Users\leon\source\repos\CMLeonOS\CMLeonOS\UI\TUIDemo.cs", "C#", 279, 0, 0, 0, 0, 0, 0, 0, 0, 0, 0, 15, 55, 349
"c:\Users\leon\source\repos\CMLeonOS\CMLeonOS\UserManager.cs", "C#", 79, 0, 0, 0, 0, 0, 0, 0, 0, 0, 0, 15, 16, 110
"c:\Users\leon\source\repos\CMLeonOS\CMLeonOS\Utils\Base64.cs", "C#", 86, 0, 0, 0, 0, 0, 0, 0, 0, 0, 0, 71, 23, 180
"c:\Users\leon\source\repos\CMLeonOS\CMLeonOS\Utils\EnvironmentVariableManager.cs", "C#", 151, 0, 0, 0, 0, 0, 0, 0, 0, 0, 0, 20, 18, 189
"c:\Users\leon\source\repos\CMLeonOS\CMLeonOS\Utils\FileSecurity.cs", "C#", 88, 0, 0, 0, 0, 0, 0, 0, 0, 0, 0, 15, 18, 121
"c:\Users\leon\source\repos\CMLeonOS\CMLeonOS\Utils\FloatExtensions.cs", "C#", 11, 0, 0, 0, 0, 0, 0, 0, 0, 0, 0, 15, 3, 29
"c:\Users\leon\source\repos\CMLeonOS\CMLeonOS\Utils\IniBuilder.cs", "C#", 99, 0, 0, 0, 0, 0, 0, 0, 0, 0, 0, 15, 21, 135
"c:\Users\leon\source\repos\CMLeonOS\CMLeonOS\Utils\IniReader.cs", "C#", 93, 0, 0, 0, 0, 0, 0, 0, 0, 0, 0, 15, 14, 122
"c:\Users\leon\source\repos\CMLeonOS\CMLeonOS\Utils\MemoryStatisticsProvider.cs", "C#", 93, 0, 0, 0, 0, 0, 0, 0, 0, 0, 0, 15, 17, 125
"c:\Users\leon\source\repos\CMLeonOS\CMLeonOS\Utils\NetworkConfigManager.cs", "C#", 111, 0, 0, 0, 0, 0, 0, 0, 0, 0, 0, 15, 17, 143
"c:\Users\leon\source\repos\CMLeonOS\CMLeonOS\Utils\PathUtil.cs", "C#", 63, 0, 0, 0, 0, 0, 0, 0, 0, 0, 0, 19, 17, 99
"c:\Users\leon\source\repos\CMLeonOS\CMLeonOS\Utils\SHA256.cs", "C#", 179, 0, 0, 0, 0, 0, 0, 0, 0, 0, 0, 21, 42, 242
"c:\Users\leon\source\repos\CMLeonOS\CMLeonOS\Utils\Version.cs", "C#", 32, 0, 0, 0, 0, 0, 0, 0, 0, 0, 0, 15, 8, 55
"c:\Users\leon\source\repos\CMLeonOS\CMLeonOS\docs\cmleonos\docs\.vuepress\.cache\deps\@vue_devtools-api.js", "JavaScript", 0, 0, 0, 0, 0, 0, 0, 0, 0, 4356, 0, 145, 5, 4506
"c:\Users\leon\source\repos\CMLeonOS\CMLeonOS\docs\cmleonos\docs\.vuepress\.cache\deps\@vuepress_shared.js", "JavaScript", 0, 0, 0, 0, 0, 0, 0, 0, 0, 134, 0, 2, 1, 137
"c:\Users\leon\source\repos\CMLeonOS\CMLeonOS\docs\cmleonos\docs\.vuepress\.cache\deps\_metadata.json", "JSON", 0, 0, 0, 37, 0, 0, 0, 0, 0, 0, 0, 0, 0, 37
"c:\Users\leon\source\repos\CMLeonOS\CMLeonOS\docs\cmleonos\docs\.vuepress\.cache\deps\chunk-OARA6QKZ.js", "JavaScript", 0, 0, 0, 0, 0, 0, 0, 0, 0, 12582, 0, 238, 5, 12825
"c:\Users\leon\source\repos\CMLeonOS\CMLeonOS\docs\cmleonos\docs\.vuepress\.cache\deps\package.json", "JSON", 0, 0, 0, 3, 0, 0, 0, 0, 0, 0, 0, 0, 1, 4
"c:\Users\leon\source\repos\CMLeonOS\CMLeonOS\docs\cmleonos\docs\.vuepress\.cache\deps\vue-router.js", "JavaScript", 0, 0, 0, 0, 0, 0, 0, 0, 0, 2371, 0, 25, 9, 2405
"c:\Users\leon\source\repos\CMLeonOS\CMLeonOS\docs\cmleonos\docs\.vuepress\.cache\deps\vue.js", "JavaScript", 0, 0, 0, 0, 0, 0, 0, 0, 0, 346, 0, 0, 1, 347
"c:\Users\leon\source\repos\CMLeonOS\CMLeonOS\docs\cmleonos\docs\.vuepress\config.js", "JavaScript", 0, 0, 0, 0, 0, 0, 0, 0, 0, 12, 0, 1, 7, 20
"c:\Users\leon\source\repos\CMLeonOS\CMLeonOS\docs\cmleonos\docs\.vuepress\dist\404.html", "HTML", 0, 0, 0, 0, 0, 0, 0, 0, 40, 0, 0, 0, 4, 44
"c:\Users\leon\source\repos\CMLeonOS\CMLeonOS\docs\cmleonos\docs\.vuepress\dist\assets\404.html-ByTdGTSm.js", "JavaScript", 0, 0, 0, 0, 0, 0, 0, 0, 0, 1, 0, 0, 1, 2
"c:\Users\leon\source\repos\CMLeonOS\CMLeonOS\docs\cmleonos\docs\.vuepress\dist\assets\app-C1vKFkGc.js", "JavaScript", 0, 0, 0, 0, 0, 0, 0, 0, 0, 28, 0, 4, 1, 33
"c:\Users\leon\source\repos\CMLeonOS\CMLeonOS\docs\cmleonos\docs\.vuepress\dist\assets\commands.html-DsR2axk8.js", "JavaScript", 0, 0, 0, 0, 0, 0, 0, 0, 0, 153, 0, 0, 1, 154
"c:\Users\leon\source\repos\CMLeonOS\CMLeonOS\docs\cmleonos\docs\.vuepress\dist\assets\get-started.html-CfHiKCXZ.js", "JavaScript", 0, 0, 0, 0, 0, 0, 0, 0, 0, 1, 0, 0, 1, 2
"c:\Users\leon\source\repos\CMLeonOS\CMLeonOS\docs\cmleonos\docs\.vuepress\dist\assets\index.html-BMbDjf_W.js", "JavaScript", 0, 0, 0, 0, 0, 0, 0, 0, 0, 1, 0, 0, 1, 2
"c:\Users\leon\source\repos\CMLeonOS\CMLeonOS\docs\cmleonos\docs\.vuepress\dist\assets\lua.html-3_L4TJjQ.js", "JavaScript", 0, 0, 0, 0, 0, 0, 0, 0, 0, 303, 0, 0, 1, 304
"c:\Users\leon\source\repos\CMLeonOS\CMLeonOS\docs\cmleonos\docs\.vuepress\dist\assets\style-BmL0kmLr.css", "PostCSS", 0, 0, 0, 0, 0, 0, 0, 0, 0, 0, 1, 0, 1, 2
"c:\Users\leon\source\repos\CMLeonOS\CMLeonOS\docs\cmleonos\docs\.vuepress\dist\commands.html", "HTML", 0, 0, 0, 0, 0, 0, 0, 0, 192, 0, 0, 0, 4, 196
"c:\Users\leon\source\repos\CMLeonOS\CMLeonOS\docs\cmleonos\docs\.vuepress\dist\get-started.html", "HTML", 0, 0, 0, 0, 0, 0, 0, 0, 40, 0, 0, 0, 4, 44
"c:\Users\leon\source\repos\CMLeonOS\CMLeonOS\docs\cmleonos\docs\.vuepress\dist\index.html", "HTML", 0, 0, 0, 0, 0, 0, 0, 0, 40, 0, 0, 0, 4, 44
"c:\Users\leon\source\repos\CMLeonOS\CMLeonOS\docs\cmleonos\docs\.vuepress\dist\lua.html", "HTML", 0, 0, 0, 0, 0, 0, 0, 0, 342, 0, 0, 0, 4, 346
"c:\Users\leon\source\repos\CMLeonOS\CMLeonOS\docs\cmleonos\docs\README.md", "Markdown", 0, 0, 0, 0, 0, 33, 0, 0, 0, 0, 0, 0, 4, 37
"c:\Users\leon\source\repos\CMLeonOS\CMLeonOS\docs\cmleonos\docs\commands.md", "Markdown", 0, 0, 0, 0, 0, 742, 0, 0, 0, 0, 0, 0, 215, 957
"c:\Users\leon\source\repos\CMLeonOS\CMLeonOS\docs\cmleonos\docs\get-started.md", "Markdown", 0, 0, 0, 0, 0, 16, 0, 0, 0, 0, 0, 0, 4, 20
"c:\Users\leon\source\repos\CMLeonOS\CMLeonOS\docs\cmleonos\docs\lua.md", "Markdown", 0, 0, 0, 0, 0, 1099, 0, 0, 0, 0, 0, 0, 387, 1486
"c:\Users\leon\source\repos\CMLeonOS\CMLeonOS\docs\cmleonos\package.json", "JSON", 0, 0, 0, 20, 0, 0, 0, 0, 0, 0, 0, 0, 1, 21
"c:\Users\leon\source\repos\CMLeonOS\CMLeonOS\docs\cmleonos\pnpm-lock.yaml", "YAML", 0, 0, 0, 0, 0, 0, 0, 2410, 0, 0, 0, 0, 674, 3084
"c:\Users\leon\source\repos\CMLeonOS\CMLeonOS\global.json", "JSON", 0, 0, 0, 6, 0, 0, 0, 0, 0, 0, 0, 0, 0, 6
"Total", "-", 35009, 100, 25, 66, 149, 2638, 1, 2410, 654, 20288, 1, 4930, 7294, 73565